pet_shop,pet_shop
moveis_escritorio,office_furniture
market_place,market_place
eletronicos,electronics
eletrodomesticos,home_appliances
artigos_de_festas,party_supplies
casa_conforto,home_confort
construcao_ferramentas_ferramentas,costruction_tools_tools
agro_industria_e_comercio,agro_industry_and_commerce
moveis_colchao_e_estofado,furniture_mattress_and_upholstery
livros_tecnicos,books_technical
casa_construcao,home_construction
instrumentos_musicais,musical_instruments
moveis_sala,furniture_living_room
construcao_ferramentas_iluminacao,construction_tools_lights
industria_comercio_e_negocios,industry_commerce_and_business
alimentos,food
artes,art
moveis_quarto,furniture_bedroom
livros_interesse_geral,books_general_interest
construcao_ferramentas_seguranca,construction_tools_safety
fashion_underwear_e_moda_praia,fashion_underwear_beach
fashion_esporte,fashion_sport
sinalizacao_e_seguranca,signaling_and_security
pcs,computers
artigos_de_natal,christmas_supplies
fashion_roupa_feminina,fashio_female_clothing
eletrodomesticos_2,home_appliances_2
livros_importados,books_imported
bebidas,drinks
